{"cameraMode":{"drawMode":0,"name":"Shaded","section":"Shading Mode"},"sceneLighting":false,"audioPlay":false,"sceneViewState":{"m_AlwaysRefresh":false,"showFog":true,"showSkybox":false,"showFlares":true,"showImageEffects":true,"showParticleSystems":true,"showVisualEffectGraphs":true,"m_FxEnabled":true},"in2DMode":false,"pivot":{"x":1.5660769939422608,"y":-0.44133323431015017,"z":0.2658720910549164},"rotation":{"x":0.06184305250644684,"y":0.6900193095207214,"z":-0.05934310331940651,"w":0.7187567949295044},"size":1.3351383209228516,"orthographic":false}