{"cameraMode":{"drawMode":0,"name":"Shaded","section":"Shading Mode"},"sceneLighting":false,"audioPlay":false,"sceneViewState":{"m_AlwaysRefresh":false,"showFog":true,"showSkybox":false,"showFlares":true,"showImageEffects":true,"showParticleSystems":true,"showVisualEffectGraphs":true,"m_FxEnabled":true},"in2DMode":false,"pivot":{"x":0.005251586437225342,"y":0.05457916855812073,"z":0.09106314182281494},"rotation":{"x":-0.21672625839710236,"y":-0.42399975657463076,"z":0.10524392873048783,"w":-0.8730840086936951},"size":0.6145569682121277,"orthographic":false}